id	event_id	gold_label	predicted_label	response
0	2020_09_13_3	0	0	No.
0	2020_12_02_1	1	1	Yes.
1	2020_12_02_1	1	1	Yes.
2	2020_12_02_1	1	1	Yes.
3	2020_12_02_1	1	1	Yes.
4	2020_12_02_1	0	0	No.
5	2020_12_02_1	1	1	Yes.
6	2020_12_02_1	1	1	Yes.
7	2020_12_02_1	1	1	Yes.
8	2020_12_02_1	1	1	Yes.
9	2020_12_02_1	1	1	Yes.
10	2020_12_02_1	1	1	Yes.
11	2020_12_02_1	1	1	Yes.
12	2020_12_02_1	1	1	Yes.
13	2020_12_02_1	1	1	Yes.
14	2020_12_02_1	1	1	Yes.
15	2020_12_02_1	0	1	Yes.
0	2020_12_24_1	1	1	Yes.
1	2020_12_24_1	1	1	Yes.
2	2020_12_24_1	0	1	Yes.
3	2020_12_24_1	0	0	No.
4	2020_12_24_1	0	1	Yes.
5	2020_12_24_1	1	1	Yes.
6	2020_12_24_1	1	1	Yes.
7	2020_12_24_1	1	1	Yes.
8	2020_12_24_1	1	1	Yes.
9	2020_12_24_1	1	1	Yes.
10	2020_12_24_1	1	1	Yes.
11	2020_12_24_1	1	1	Yes.
12	2020_12_24_1	1	1	Yes.
13	2020_12_24_1	1	1	Yes.
14	2020_12_24_1	1	1	Yes.
15	2020_12_24_1	1	1	Yes.
16	2020_12_24_1	1	1	Yes.
17	2020_12_24_1	1	1	Yes.
18	2020_12_24_1	1	1	Yes.
19	2020_12_24_1	1	1	Yes.
20	2020_12_24_1	1	1	Yes.
21	2020_12_24_1	1	1	Yes.
22	2020_12_24_1	1	1	Yes.
23	2020_12_24_1	1	1	Yes.
24	2020_12_24_1	1	1	Yes.
25	2020_12_24_1	1	1	Yes.
26	2020_12_24_1	1	1	Yes.
27	2020_12_24_1	1	1	Yes.
28	2020_12_24_1	1	1	Yes.
29	2020_12_24_1	1	1	Yes.
30	2020_12_24_1	1	1	Yes.
31	2020_12_24_1	0	0	No.
32	2020_12_24_1	0	1	Yes.
33	2020_12_24_1	0	1	Yes.
34	2020_12_24_1	1	1	Yes.
35	2020_12_24_1	1	1	Yes.
36	2020_12_24_1	0	1	Yes.
37	2020_12_24_1	0	1	Yes.
38	2020_12_24_1	0	1	Yes.
39	2020_12_24_1	0	0	No.
40	2020_12_24_1	0	1	Yes.
41	2020_12_24_1	0	0	No.
42	2020_12_24_1	0	0	No.
43	2020_12_24_1	0	0	No.
44	2020_12_24_1	0	1	Yes.
45	2020_12_24_1	0	1	Yes.
46	2020_12_24_1	0	0	No.
47	2020_12_24_1	0	0	No.
48	2020_12_24_1	0	1	Yes.
49	2020_12_24_1	1	1	Yes.
50	2020_12_24_1	1	1	Yes.
51	2020_12_24_1	0	0	No.
52	2020_12_24_1	1	1	Yes.
53	2020_12_24_1	0	1	Yes.
0	2020_12_02_0	0	1	Yes.
1	2020_12_02_0	1	1	Yes.
2	2020_12_02_0	0	1	Yes.
3	2020_12_02_0	0	0	No.
4	2020_12_02_0	0	1	Yes.
5	2020_12_02_0	1	1	Yes.
6	2020_12_02_0	1	1	Yes.
7	2020_12_02_0	1	1	Yes.
8	2020_12_02_0	1	1	Yes.
9	2020_12_02_0	1	1	Yes.
10	2020_12_02_0	1	1	Yes.
11	2020_12_02_0	1	1	Yes.
12	2020_12_02_0	1	1	Yes.
13	2020_12_02_0	1	1	Yes.
14	2020_12_02_0	1	1	Yes.
15	2020_12_02_0	1	1	Yes.
16	2020_12_02_0	1	1	Yes.
17	2020_12_02_0	1	1	Yes.
18	2020_12_02_0	1	1	Yes.
19	2020_12_02_0	1	1	Yes.
20	2020_12_02_0	0	0	No.
21	2020_12_02_0	0	1	Yes.
22	2020_12_02_0	0	0	No.
23	2020_12_02_0	0	0	No.
24	2020_12_02_0	0	1	Yes.
25	2020_12_02_0	0	1	Yes.
26	2020_12_02_0	1	1	Yes.
27	2020_12_02_0	1	1	Yes.
28	2020_12_02_0	1	1	Yes.
29	2020_12_02_0	1	1	Yes.
30	2020_12_02_0	1	1	Yes.
31	2020_12_02_0	1	1	Yes.
32	2020_12_02_0	1	1	Yes.
33	2020_12_02_0	0	1	Yes.
34	2020_12_02_0	0	0	No.
35	2020_12_02_0	0	0	No.
36	2020_12_02_0	0	0	No.
37	2020_12_02_0	0	0	No.
0	2020_09_19_2	0	0	No.
1	2020_09_19_2	0	1	Yes.
2	2020_09_19_2	0	1	Yes.
3	2020_09_19_2	1	1	Yes.
4	2020_09_19_2	1	1	Yes.
5	2020_09_19_2	1	1	Yes.
6	2020_09_19_2	1	0	No.
7	2020_09_19_2	1	1	Yes.
8	2020_09_19_2	1	1	Yes.
9	2020_09_19_2	1	1	Yes.
10	2020_09_19_2	1	1	Yes.
11	2020_09_19_2	0	1	Yes.
12	2020_09_19_2	0	0	No.
13	2020_09_19_2	0	0	No.
14	2020_09_19_2	0	0	No.
15	2020_09_19_2	0	1	Yes.
16	2020_09_19_2	0	1	Yes.
17	2020_09_19_2	1	1	Yes.
18	2020_09_19_2	0	0	No.
19	2020_09_19_2	0	0	No.
20	2020_09_19_2	0	0	No.
21	2020_09_19_2	0	0	No.
22	2020_09_19_2	0	0	No.
23	2020_09_19_2	0	0	No.
24	2020_09_19_2	0	0	No.
25	2020_09_19_2	0	0	No.
26	2020_09_19_2	0	1	Yes.
27	2020_09_19_2	0	0	No.
28	2020_09_19_2	0	0	No.
29	2020_09_19_2	0	1	Yes.
30	2020_09_19_2	0	1	Yes.
31	2020_09_19_2	1	1	Yes.
32	2020_09_19_2	0	0	No.
33	2020_09_19_2	0	0	No.
34	2020_09_19_2	0	0	No.
35	2020_09_19_2	0	0	No.
36	2020_09_19_2	0	0	No.
37	2020_09_19_2	0	0	No.
38	2020_09_19_2	0	1	Yes.
39	2020_09_19_2	0	1	Yes.
40	2020_09_19_2	0	0	No.
41	2020_09_19_2	0	0	No.
42	2020_09_19_2	0	0	No.
43	2020_09_19_2	0	0	No.
44	2020_09_19_2	0	0	No.
45	2020_09_19_2	0	0	No.
0	2020_10_27_2	1	1	Yes.
1	2020_10_27_2	1	1	Yes.
2	2020_10_27_2	1	1	Yes.
3	2020_10_27_2	1	1	Yes.
4	2020_10_27_2	1	1	Yes.
5	2020_10_27_2	1	1	Yes.
6	2020_10_27_2	1	1	Yes.
7	2020_10_27_2	1	1	Yes.
8	2020_10_27_2	1	1	Yes.
9	2020_10_27_2	1	1	Yes.
10	2020_10_27_2	1	1	Yes.
11	2020_10_27_2	1	1	Yes.
12	2020_10_27_2	1	1	Yes.
13	2020_10_27_2	1	1	Yes.
14	2020_10_27_2	1	1	Yes.
15	2020_10_27_2	1	1	Yes.
16	2020_10_27_2	1	1	Yes.
17	2020_10_27_2	1	1	Yes.
18	2020_10_27_2	1	1	Yes.
19	2020_10_27_2	1	1	Yes.
20	2020_10_27_2	1	1	Yes.
21	2020_10_27_2	1	1	Yes.
22	2020_10_27_2	1	1	Yes.
23	2020_10_27_2	1	1	Yes.
24	2020_10_27_2	0	0	No.
25	2020_10_27_2	0	0	No.
26	2020_10_27_2	0	0	No.
27	2020_10_27_2	1	1	Yes.
28	2020_10_27_2	0	1	Yes.
29	2020_10_27_2	0	1	Yes.
30	2020_10_27_2	1	1	Yes.
31	2020_10_27_2	1	1	Yes.
32	2020_10_27_2	0	0	No.
33	2020_10_27_2	1	1	Yes.
34	2020_10_27_2	1	1	Yes.
35	2020_10_27_2	1	1	Yes.
0	2020_10_14_1	1	1	Yes.
1	2020_10_14_1	1	1	Yes.
2	2020_10_14_1	1	1	Yes.
3	2020_10_14_1	1	1	Yes.
4	2020_10_14_1	1	1	Yes.
5	2020_10_14_1	1	1	Yes.
6	2020_10_14_1	1	1	Yes.
7	2020_10_14_1	1	1	Yes.
0	2020_10_15_0	0	0	No.
1	2020_10_15_0	1	1	Yes.
2	2020_10_15_0	1	1	Yes.
3	2020_10_15_0	1	1	Yes.
4	2020_10_15_0	0	1	Yes.
5	2020_10_15_0	1	1	Yes.
6	2020_10_15_0	1	1	Yes.
7	2020_10_15_0	1	1	Yes.
8	2020_10_15_0	1	1	Yes.
9	2020_10_15_0	1	1	Yes.
10	2020_10_15_0	1	1	Yes.
11	2020_10_15_0	1	1	Yes.
12	2020_10_15_0	0	1	Yes.
13	2020_10_15_0	1	1	Yes.
14	2020_10_15_0	1	1	Yes.
15	2020_10_15_0	0	0	No.
16	2020_10_15_0	0	0	No.
0	2020_12_02_8	1	1	Yes.
1	2020_12_02_8	1	1	Yes.
2	2020_12_02_8	0	1	Yes.
3	2020_12_02_8	0	0	No.
4	2020_12_02_8	0	1	Yes.
5	2020_12_02_8	0	1	Yes.
6	2020_12_02_8	1	1	Yes.
7	2020_12_02_8	1	1	Yes.
8	2020_12_02_8	1	1	Yes.
9	2020_12_02_8	1	1	Yes.
10	2020_12_02_8	1	1	Yes.
11	2020_12_02_8	1	1	Yes.
12	2020_12_02_8	1	1	Yes.
13	2020_12_02_8	1	1	Yes.
14	2020_12_02_8	1	1	Yes.
15	2020_12_02_8	1	1	Yes.
16	2020_12_02_8	1	1	Yes.
17	2020_12_02_8	1	1	Yes.
18	2020_12_02_8	1	1	Yes.
19	2020_12_02_8	1	1	Yes.
20	2020_12_02_8	1	1	Yes.
21	2020_12_02_8	1	1	Yes.
22	2020_12_02_8	1	1	Yes.
23	2020_12_02_8	1	1	Yes.
24	2020_12_02_8	1	1	Yes.
25	2020_12_02_8	1	1	Yes.
26	2020_12_02_8	0	1	Yes.
27	2020_12_02_8	0	1	Yes.
28	2020_12_02_8	1	1	Yes.
29	2020_12_02_8	0	0	No.
30	2020_12_02_8	1	1	Yes.
31	2020_12_02_8	0	1	Yes.
32	2020_12_02_8	0	1	Yes.
33	2020_12_02_8	0	1	Yes.
0	2020_11_25_4	1	1	Yes.
1	2020_11_25_4	1	1	Yes.
2	2020_11_25_4	0	1	Yes.
3	2020_11_25_4	1	1	Yes.
4	2020_11_25_4	1	1	Yes.
5	2020_11_25_4	1	1	Yes.
6	2020_11_25_4	1	1	Yes.
7	2020_11_25_4	1	1	Yes.
8	2020_11_25_4	1	1	Yes.
9	2020_11_25_4	1	1	Yes.
10	2020_11_25_4	1	1	Yes.
11	2020_11_25_4	1	1	Yes.
12	2020_11_25_4	1	1	Yes.
13	2020_11_25_4	1	1	Yes.
14	2020_11_25_4	1	1	Yes.
15	2020_11_25_4	1	1	Yes.
16	2020_11_25_4	1	1	Yes.
17	2020_11_25_4	1	1	Yes.
18	2020_11_25_4	1	1	Yes.
19	2020_11_25_4	1	1	Yes.
20	2020_11_25_4	1	1	Yes.
21	2020_11_25_4	1	1	Yes.
22	2020_11_25_4	1	1	Yes.
23	2020_11_25_4	1	1	Yes.
24	2020_11_25_4	1	1	Yes.
25	2020_11_25_4	1	1	Yes.
26	2020_11_25_4	1	1	Yes.
27	2020_11_25_4	1	1	Yes.
28	2020_11_25_4	1	1	Yes.
29	2020_11_25_4	1	1	Yes.
30	2020_11_25_4	1	1	Yes.
31	2020_11_25_4	1	1	Yes.
32	2020_11_25_4	1	1	Yes.
33	2020_11_25_4	1	1	Yes.
34	2020_11_25_4	1	1	Yes.
35	2020_11_25_4	1	1	Yes.
36	2020_11_25_4	1	1	Yes.
37	2020_11_25_4	1	1	Yes.
38	2020_11_25_4	1	1	Yes.
39	2020_11_25_4	1	1	Yes.
40	2020_11_25_4	1	1	Yes.
41	2020_11_25_4	1	1	Yes.
42	2020_11_25_4	1	1	Yes.
43	2020_11_25_4	1	1	Yes.
44	2020_11_25_4	1	1	Yes.
45	2020_11_25_4	1	1	Yes.
46	2020_11_25_4	1	1	Yes.
47	2020_11_25_4	1	1	Yes.
48	2020_11_25_4	1	1	Yes.
49	2020_11_25_4	1	1	Yes.
50	2020_11_25_4	1	1	Yes.
51	2020_11_25_4	1	1	Yes.
52	2020_11_25_4	1	1	Yes.
53	2020_11_25_4	1	1	Yes.
54	2020_11_25_4	1	1	Yes.
55	2020_11_25_4	0	0	No.
56	2020_11_25_4	0	0	No.
57	2020_11_25_4	1	1	Yes.
58	2020_11_25_4	1	1	Yes.
59	2020_11_25_4	1	1	Yes.
60	2020_11_25_4	1	1	Yes.
61	2020_11_25_4	1	1	Yes.
62	2020_11_25_4	1	1	Yes.
63	2020_11_25_4	0	1	Yes.
64	2020_11_25_4	0	1	Yes.
65	2020_11_25_4	0	0	No.
66	2020_11_25_4	1	1	Yes.
67	2020_11_25_4	1	1	Yes.
68	2020_11_25_4	1	1	Yes.
69	2020_11_25_4	1	1	Yes.
70	2020_11_25_4	0	1	Yes.
71	2020_11_25_4	1	1	Yes.
72	2020_11_25_4	0	1	Yes.
73	2020_11_25_4	1	1	Yes.
74	2020_11_25_4	0	1	Yes.
75	2020_11_25_4	1	1	Yes.
76	2020_11_25_4	1	1	Yes.
77	2020_11_25_4	1	0	No.
78	2020_11_25_4	1	1	Yes.
79	2020_11_25_4	1	1	Yes.
80	2020_11_25_4	1	0	No.
81	2020_11_25_4	1	1	Yes.
82	2020_11_25_4	0	0	No.
83	2020_11_25_4	0	0	No.
0	2020_12_19_2	0	1	Yes.
1	2020_12_19_2	0	1	Yes.
2	2020_12_19_2	0	1	Yes.
3	2020_12_19_2	0	1	Yes.
4	2020_12_19_2	1	1	Yes.
5	2020_12_19_2	1	1	Yes.
6	2020_12_19_2	0	1	Yes.
7	2020_12_19_2	1	1	Yes.
8	2020_12_19_2	1	1	Yes.
9	2020_12_19_2	1	1	Yes.
10	2020_12_19_2	1	1	Yes.
11	2020_12_19_2	1	1	Yes.
12	2020_12_19_2	1	1	Yes.
13	2020_12_19_2	1	1	Yes.
14	2020_12_19_2	1	1	Yes.
15	2020_12_19_2	1	1	Yes.
16	2020_12_19_2	1	1	Yes.
17	2020_12_19_2	1	1	Yes.
18	2020_12_19_2	1	1	Yes.
19	2020_12_19_2	1	1	Yes.
20	2020_12_19_2	1	1	Yes.
21	2020_12_19_2	1	1	Yes.
22	2020_12_19_2	1	1	Yes.
23	2020_12_19_2	1	1	Yes.
24	2020_12_19_2	1	1	Yes.
25	2020_12_19_2	1	1	Yes.
26	2020_12_19_2	1	0	No.
27	2020_12_19_2	1	1	Yes.
28	2020_12_19_2	1	1	Yes.
29	2020_12_19_2	1	1	Yes.
30	2020_12_19_2	1	1	Yes.
31	2020_12_19_2	1	1	Yes.
32	2020_12_19_2	1	1	Yes.
33	2020_12_19_2	1	1	Yes.
34	2020_12_19_2	1	1	Yes.
35	2020_12_19_2	1	1	Yes.
36	2020_12_19_2	1	1	Yes.
37	2020_12_19_2	0	1	Yes.
38	2020_12_19_2	0	1	Yes.
39	2020_12_19_2	0	0	No.
40	2020_12_19_2	0	0	No.
41	2020_12_19_2	0	1	Yes.
42	2020_12_19_2	0	1	Yes.
43	2020_12_19_2	0	1	Yes.
44	2020_12_19_2	0	1	Yes.
45	2020_12_19_2	0	1	Yes.
46	2020_12_19_2	0	0	No.
47	2020_12_19_2	0	0	No.
48	2020_12_19_2	0	1	Yes.
49	2020_12_19_2	0	0	No.
50	2020_12_19_2	0	1	Yes.
51	2020_12_19_2	0	1	Yes.
52	2020_12_19_2	0	1	Yes.
53	2020_12_19_2	0	0	No.
54	2020_12_19_2	0	1	Yes.
55	2020_12_19_2	1	1	Yes.
56	2020_12_19_2	1	1	Yes.
57	2020_12_19_2	1	0	No.
58	2020_12_19_2	1	1	Yes.
59	2020_12_19_2	1	1	Yes.
60	2020_12_19_2	0	1	Yes.
61	2020_12_19_2	0	1	Yes.
62	2020_12_19_2	0	1	Yes.
63	2020_12_19_2	1	1	Yes.
64	2020_12_19_2	0	0	No.
65	2020_12_19_2	0	0	No.
66	2020_12_19_2	0	0	No.
67	2020_12_19_2	0	0	No.
68	2020_12_19_2	1	1	Yes.
69	2020_12_19_2	0	1	Yes.
70	2020_12_19_2	1	1	Yes.
71	2020_12_19_2	1	1	Yes.
72	2020_12_19_2	1	1	Yes.
73	2020_12_19_2	1	1	Yes.
74	2020_12_19_2	1	1	Yes.
75	2020_12_19_2	1	1	Yes.
76	2020_12_19_2	1	1	Yes.
77	2020_12_19_2	1	1	Yes.
78	2020_12_19_2	1	1	Yes.
79	2020_12_19_2	1	1	Yes.
80	2020_12_19_2	1	1	Yes.
81	2020_12_19_2	1	1	Yes.
82	2020_12_19_2	0	1	Yes.
83	2020_12_19_2	0	1	Yes.
84	2020_12_19_2	0	1	Yes.
85	2020_12_19_2	0	0	No.
86	2020_12_19_2	0	0	No.
87	2020_12_19_2	0	1	Yes.
88	2020_12_19_2	0	1	Yes.
89	2020_12_19_2	0	1	Yes.
90	2020_12_19_2	0	1	Yes.
91	2020_12_19_2	0	1	Yes.
92	2020_12_19_2	0	1	Yes.
93	2020_12_19_2	0	0	No.
94	2020_12_19_2	0	1	Yes.
95	2020_12_19_2	0	0	No.
96	2020_12_19_2	0	0	No.
97	2020_12_19_2	0	0	No.
98	2020_12_19_2	0	1	Yes.
99	2020_12_19_2	0	0	No.
100	2020_12_19_2	0	1	Yes.
101	2020_12_19_2	0	1	Yes.
102	2020_12_19_2	0	0	No.
103	2020_12_19_2	0	0	No.
104	2020_12_19_2	0	0	No.
105	2020_12_19_2	0	1	Yes.
106	2020_12_19_2	0	1	Yes.
107	2020_12_19_2	0	0	No.
108	2020_12_19_2	0	1	Yes.
109	2020_12_19_2	0	0	No.
110	2020_12_19_2	0	0	No.
111	2020_12_19_2	0	0	No.
112	2020_12_19_2	0	1	Yes.
113	2020_12_19_2	0	1	Yes.
114	2020_12_19_2	0	1	Yes.
115	2020_12_19_2	0	1	Yes.
116	2020_12_19_2	1	1	Yes.
117	2020_12_19_2	1	1	Yes.
118	2020_12_19_2	1	1	Yes.
119	2020_12_19_2	0	0	No.
120	2020_12_19_2	0	0	No.
121	2020_12_19_2	0	1	Yes.
122	2020_12_19_2	1	1	Yes.
123	2020_12_19_2	1	1	Yes.
124	2020_12_19_2	0	1	Yes.
125	2020_12_19_2	0	1	Yes.
126	2020_12_19_2	0	1	Yes.
127	2020_12_19_2	0	1	Yes.
128	2020_12_19_2	0	1	Yes.
129	2020_12_19_2	1	1	Yes.
130	2020_12_19_2	0	1	Yes.
131	2020_12_19_2	1	1	Yes.
132	2020_12_19_2	1	1	Yes.
133	2020_12_19_2	0	0	No.
134	2020_12_19_2	1	1	Yes.
135	2020_12_19_2	0	1	Yes.
136	2020_12_19_2	0	1	Yes.
137	2020_12_19_2	1	1	Yes.
138	2020_12_19_2	1	1	Yes.
139	2020_12_19_2	1	1	Yes.
140	2020_12_19_2	1	1	Yes.
141	2020_12_19_2	1	1	Yes.
142	2020_12_19_2	1	1	Yes.
143	2020_12_19_2	0	1	Yes.
144	2020_12_19_2	0	0	No.
145	2020_12_19_2	1	1	Yes.
146	2020_12_19_2	1	1	Yes.
147	2020_12_19_2	1	1	Yes.
148	2020_12_19_2	0	1	Yes.
149	2020_12_19_2	0	1	Yes.
150	2020_12_19_2	0	1	Yes.
0	2019_12_15_0	0	0	No.
1	2019_12_15_0	1	1	Yes.
2	2019_12_15_0	0	0	No.
3	2019_12_15_0	0	0	No.
4	2019_12_15_0	0	0	No.
5	2019_12_15_0	0	0	No.
6	2019_12_15_0	0	0	No.
7	2019_12_15_0	0	0	No.
8	2019_12_15_0	0	0	No.
9	2019_12_15_0	0	0	No.
10	2019_12_15_0	0	0	No.
11	2019_12_15_0	0	0	No.
12	2019_12_15_0	0	1	Yes.
13	2019_12_15_0	0	1	Yes.
14	2019_12_15_0	1	1	Yes.
15	2019_12_15_0	1	1	Yes.
16	2019_12_15_0	0	0	No.
17	2019_12_15_0	0	0	No.
18	2019_12_15_0	0	0	No.
0	2019_12_15_2	1	1	Yes.
1	2019_12_15_2	1	1	Yes.
2	2019_12_15_2	1	1	Yes.
3	2019_12_15_2	0	1	Yes.
4	2019_12_15_2	1	1	Yes.
5	2019_12_15_2	1	1	Yes.
6	2019_12_15_2	1	1	Yes.
7	2019_12_15_2	0	0	No.
